Cluster,RMSE,MAE,R2
0,117.77465882995531,91.98299276646186,0.894774756081214
1,177.06738775624882,133.03931851203262,0.7472717533687775
