Cluster,RMSE,MAE,R2,NRMSE
0,23.892482373734115,14.703246891857482,0.9951406849271621,0.014909269686262328
1,23.943036811081623,15.939135494702297,0.9928024127976938,0.016404643700622116
